{"data_time": 0.001654630497796461, "eta_seconds": 40615.27984656239, "iteration": 19, "loss_fcos_bezier": 0.26206838339567184, "loss_fcos_cls": 0.4656836688518524, "loss_fcos_ctr": 0.6359784603118896, "loss_fcos_loc": 0.28985175490379333, "lr": 1.9981e-05, "rec_loss": 2.603543519973755, "time": 0.33851426347973756, "total_loss": 4.24462472461164}
{"data_time": 0.0017130104824900627, "eta_seconds": 42278.9832244906, "iteration": 39, "loss_fcos_bezier": 0.27662383019924164, "loss_fcos_cls": 0.4879904240369797, "loss_fcos_ctr": 0.6627648770809174, "loss_fcos_loc": 0.2997591346502304, "lr": 3.9961e-05, "rec_loss": 1.826405942440033, "time": 0.3642736004840117, "total_loss": 3.6257642209529877}
{"data_time": 0.0016812984831631184, "eta_seconds": 42065.83382056275, "iteration": 59, "loss_fcos_bezier": 0.2767011970281601, "loss_fcos_cls": 0.3370051085948944, "loss_fcos_ctr": 0.6402024924755096, "loss_fcos_loc": 0.24180918186903, "lr": 5.9940999999999994e-05, "rec_loss": 1.681580662727356, "time": 0.3379430784843862, "total_loss": 3.46648158878088}
{"data_time": 0.0016468054964207113, "eta_seconds": 41663.459345971554, "iteration": 79, "loss_fcos_bezier": 0.35782547295093536, "loss_fcos_cls": 0.32028739154338837, "loss_fcos_ctr": 0.6267935931682587, "loss_fcos_loc": 0.2278158813714981, "lr": 7.992100000000001e-05, "rec_loss": 1.1236157417297363, "time": 0.3373740245006047, "total_loss": 3.2228415682911873}
{"data_time": 0.0017140664858743548, "eta_seconds": 42145.15749867793, "iteration": 99, "loss_fcos_bezier": 0.0771433599293232, "loss_fcos_cls": 0.28565530478954315, "loss_fcos_ctr": 0.6465325951576233, "loss_fcos_loc": 0.24576189368963242, "lr": 9.9901e-05, "rec_loss": 1.7501892447471619, "time": 0.3719960890011862, "total_loss": 3.1281005442142487}
{"data_time": 0.0016548905114177614, "eta_seconds": 42008.48633323077, "iteration": 119, "loss_fcos_bezier": 0.19771762192249298, "loss_fcos_cls": 0.334300696849823, "loss_fcos_ctr": 0.6355577409267426, "loss_fcos_loc": 0.24340330064296722, "lr": 0.000119881, "rec_loss": 1.558667004108429, "time": 0.3484107384865638, "total_loss": 3.1916525959968567}
{"data_time": 0.001699952525086701, "eta_seconds": 42263.249838421936, "iteration": 139, "loss_fcos_bezier": 0.16131268441677094, "loss_fcos_cls": 0.2993411123752594, "loss_fcos_ctr": 0.6277397572994232, "loss_fcos_loc": 0.2119496837258339, "lr": 0.00013986100000000002, "rec_loss": 1.4598170518875122, "time": 0.37699624348897487, "total_loss": 2.9196568951010704}
{"data_time": 0.0016823855112306774, "eta_seconds": 42124.06752069676, "iteration": 159, "loss_fcos_bezier": 0.1340934857726097, "loss_fcos_cls": 0.2659967988729477, "loss_fcos_ctr": 0.6339270770549774, "loss_fcos_loc": 0.2549505978822708, "lr": 0.000159841, "rec_loss": 1.3919942378997803, "time": 0.3318939504970331, "total_loss": 2.8882460221648216}
{"data_time": 0.0017013860051520169, "eta_seconds": 41987.461240180215, "iteration": 179, "loss_fcos_bezier": 0.12844088301062584, "loss_fcos_cls": 0.22291147708892822, "loss_fcos_ctr": 0.6390863358974457, "loss_fcos_loc": 0.26122376322746277, "lr": 0.00017982099999999998, "rec_loss": 1.9661798477172852, "time": 0.32450040950789116, "total_loss": 3.545695938169956}
{"data_time": 0.0017151589563582093, "eta_seconds": 42027.93169160487, "iteration": 199, "loss_fcos_bezier": 0.17459573596715927, "loss_fcos_cls": 0.21988501399755478, "loss_fcos_ctr": 0.6438290774822235, "loss_fcos_loc": 0.23843714594841003, "lr": 0.00019980100000000002, "rec_loss": 1.1005054116249084, "time": 0.35376897250534967, "total_loss": 2.5165503225289285}
{"data_time": 0.001723927998682484, "eta_seconds": 42168.26327596977, "iteration": 219, "loss_fcos_bezier": 0.13103722035884857, "loss_fcos_cls": 0.24701590090990067, "loss_fcos_ctr": 0.6555730700492859, "loss_fcos_loc": 0.2516889274120331, "lr": 0.000219781, "rec_loss": 1.198363482952118, "time": 0.3654320204805117, "total_loss": 2.9295971621759236}
{"data_time": 0.0017449735023546964, "eta_seconds": 42104.30057743366, "iteration": 239, "loss_fcos_bezier": 0.11472751945257187, "loss_fcos_cls": 0.21571392565965652, "loss_fcos_ctr": 0.63393634557724, "loss_fcos_loc": 0.235103577375412, "lr": 0.000239761, "rec_loss": 1.3737288117408752, "time": 0.3500212910003029, "total_loss": 2.8220919854938984}
{"data_time": 0.0017081944970414042, "eta_seconds": 42240.51696509388, "iteration": 259, "loss_fcos_bezier": 0.27260348945856094, "loss_fcos_cls": 0.22322837263345718, "loss_fcos_ctr": 0.6296292543411255, "loss_fcos_loc": 0.26242808997631073, "lr": 0.000259741, "rec_loss": 1.3852965235710144, "time": 0.3812568204884883, "total_loss": 3.043490618467331}
{"data_time": 0.0016943890077527612, "eta_seconds": 42233.461651213904, "iteration": 279, "loss_fcos_bezier": 0.1846592128276825, "loss_fcos_cls": 0.19616957753896713, "loss_fcos_ctr": 0.6424133479595184, "loss_fcos_loc": 0.23011444509029388, "lr": 0.0002797210000000001, "rec_loss": 1.9958487749099731, "time": 0.3524873020069208, "total_loss": 3.681800378486514}
{"data_time": 0.0016847644874360412, "eta_seconds": 42417.77041091162, "iteration": 299, "loss_fcos_bezier": 0.19023464620113373, "loss_fcos_cls": 0.25979970395565033, "loss_fcos_ctr": 0.6301030218601227, "loss_fcos_loc": 0.24073749035596848, "lr": 0.000299701, "rec_loss": 1.5142922401428223, "time": 0.363717534521129, "total_loss": 3.082788661122322}
{"data_time": 0.0016983449750114232, "eta_seconds": 42481.19892874744, "iteration": 319, "loss_fcos_bezier": 0.1253400519490242, "loss_fcos_cls": 0.171548493206501, "loss_fcos_ctr": 0.6340945363044739, "loss_fcos_loc": 0.18866925686597824, "lr": 0.000319681, "rec_loss": 1.0079348683357239, "time": 0.3689821250154637, "total_loss": 2.5444094501435757}
{"data_time": 0.0017217739950865507, "eta_seconds": 42613.27092608114, "iteration": 339, "loss_fcos_bezier": 0.16956092417240143, "loss_fcos_cls": 0.24791103601455688, "loss_fcos_ctr": 0.6222049593925476, "loss_fcos_loc": 0.19198578596115112, "lr": 0.00033966100000000005, "rec_loss": 0.9626689553260803, "time": 0.360321008018218, "total_loss": 2.3290651738643646}
{"data_time": 0.0016806050261948258, "eta_seconds": 42606.14859367107, "iteration": 359, "loss_fcos_bezier": 0.19548086822032928, "loss_fcos_cls": 0.20388991385698318, "loss_fcos_ctr": 0.627596378326416, "loss_fcos_loc": 0.2374570444226265, "lr": 0.000359641, "rec_loss": 1.1232666373252869, "time": 0.3555228180193808, "total_loss": 2.631816316395998}
{"data_time": 0.0017142964934464544, "eta_seconds": 42785.13302751494, "iteration": 379, "loss_fcos_bezier": 0.26666799932718277, "loss_fcos_cls": 0.2542489320039749, "loss_fcos_ctr": 0.6300367116928101, "loss_fcos_loc": 0.22217869013547897, "lr": 0.000379621, "rec_loss": 1.0784293413162231, "time": 0.3902562015282456, "total_loss": 2.4050706550478935}
{"data_time": 0.0016830699751153588, "eta_seconds": 42861.528893056355, "iteration": 399, "loss_fcos_bezier": 0.1721901297569275, "loss_fcos_cls": 0.21518325060606003, "loss_fcos_ctr": 0.6372492611408234, "loss_fcos_loc": 0.27237632870674133, "lr": 0.000399601, "rec_loss": 1.0755013823509216, "time": 0.35902168750180863, "total_loss": 2.310005344450474}
{"data_time": 0.0017128635081462562, "eta_seconds": 42945.17983454603, "iteration": 419, "loss_fcos_bezier": 0.09727099910378456, "loss_fcos_cls": 0.19912578910589218, "loss_fcos_ctr": 0.6355094015598297, "loss_fcos_loc": 0.2128128781914711, "lr": 0.000419581, "rec_loss": 1.3144652843475342, "time": 0.37346613948466256, "total_loss": 2.652524083852768}
{"data_time": 0.0016866339719854295, "eta_seconds": 42901.76193533765, "iteration": 439, "loss_fcos_bezier": 0.19924072176218033, "loss_fcos_cls": 0.22288677841424942, "loss_fcos_ctr": 0.630714476108551, "loss_fcos_loc": 0.2457585111260414, "lr": 0.000439561, "rec_loss": 0.8121754825115204, "time": 0.35455703048501164, "total_loss": 2.2024770341813564}
{"data_time": 0.0016963949892669916, "eta_seconds": 42840.026633597125, "iteration": 459, "loss_fcos_bezier": 0.21234238892793655,